therapy,phase,dose_amount,dose_unit,route,weight_tier_min_kg,weight_tier_max_kg,one_time,n_doses,first_maintenance_cycle_native_2wk,maintenance_interval_cycles_native_2wk,administration_schedule,cycle_alignment_native_2wk_cycle,source,source_url,note
UST,Induction,260,mg,IV,,55,TRUE,1,,,"Single weight-based dose at week 0, for patients <=55 kg",One-time at induction (decision tree; analysis_plan.md §6.1); not a per-cycle Markov charge,STELARA (ustekinumab) Prescribing Information (Janssen Biotech); dosing table reproduced at stelarahcp.com/crohns-disease/dosing-and-administration/,https://www.stelarahcp.com/crohns-disease/dosing-and-administration/,"Weight-tiered induction dose. Corroborated by this repo's own data: Aliyev et al. 2019 prices UST induction against a 130 mg vial (data/raw/aliyev2019_appendixS1_table2_parameters.csv) -- 260/390/520 mg are exact 2x/3x/4x multiples of that vial size, and Aliyev's own Induction Assumption #8 (""No vial sharing"") states induction is weight-based, consistent with this schedule."
UST,Induction,390,mg,IV,55,85,TRUE,1,,,"Single weight-based dose at week 0, for patients >55 kg to 85 kg",One-time at induction (decision tree; analysis_plan.md §6.1); not a per-cycle Markov charge,STELARA (ustekinumab) Prescribing Information (Janssen Biotech); dosing table reproduced at stelarahcp.com/crohns-disease/dosing-and-administration/,https://www.stelarahcp.com/crohns-disease/dosing-and-administration/,"Directly cross-checked against this repo's own manuscript_supplement1_costs_and_discounting.csv, which already uses a 70 kg example patient requiring a 390 mg dose -- exactly this tier, independent confirmation from the project's own prior work."
UST,Induction,520,mg,IV,85,,TRUE,1,,,"Single weight-based dose at week 0, for patients >85 kg",One-time at induction (decision tree; analysis_plan.md §6.1); not a per-cycle Markov charge,STELARA (ustekinumab) Prescribing Information (Janssen Biotech); dosing table reproduced at stelarahcp.com/crohns-disease/dosing-and-administration/,https://www.stelarahcp.com/crohns-disease/dosing-and-administration/,"Weight-tiered induction dose; 4x the 130 mg vial size Aliyev prices induction against."
UST,Maintenance,90,mg,SC,,,FALSE,,4,4,"First maintenance dose at week 8 after the induction dose, then every 8 weeks thereafter",Maintenance-phase cycle 4 (8 weeks = 4 x 2-week cycles) and every 4th cycle thereafter,STELARA (ustekinumab) Prescribing Information (Janssen Biotech); dosing table reproduced at stelarahcp.com/crohns-disease/dosing-and-administration/; cross-checked against medicalnewstoday.com/articles/drugs-stelara-dosage,https://www.stelarahcp.com/crohns-disease/dosing-and-administration/,"Fixed (not weight-based) maintenance dose. Matches the 90 mg syringe unit Aliyev et al. 2019 prices UST maintenance against (data/raw/aliyev2019_appendixS1_table2_parameters.csv / cms_asp_and_hcup_cost_sources.csv) exactly -- not a coincidence, the FSS unit was presumably chosen to match this label dose."
IFX,Induction,5,mg/kg,IV,,,TRUE,3,,,"3 doses at weeks 0, 2, and 6",One-time at induction (decision tree; analysis_plan.md §6.1) -- all three doses fall inside the model's 8-week induction window; not a per-cycle Markov charge,REMICADE (infliximab) Prescribing Information (Janssen Biotech); dosing reproduced at remicadehcp.com/crohns-disease/dosing-administration.html; cross-checked via drugs.com/dosage/remicade.html,https://www.remicadehcp.com/crohns-disease/dosing-administration.html,"Weight-based (mg/kg), consistent with Aliyev's Induction Assumption #8 (""No vial sharing... infliximab induction is based on patient weight""). Converting to a dollar cost needs an assumed patient weight and the 100 mg vial size Aliyev prices IFX against (data/raw/aliyev2019_appendixS1_table2_parameters.csv) -- not resolved by this file; flagged for the costing step. All 3 induction doses are summed into a single one-time lump charge (n_doses=3) rather than aligned to individual Markov cycles, since induction is a pre-Markov decision-tree event -- see R/00_derive_transition_probs.R's third-revision header comment on why per-dose cycle alignment doesn't matter for costs attached before the maintenance trace starts."
IFX,Maintenance,5,mg/kg,IV,,,FALSE,,4,4,Every 8 weeks after the 3-dose induction regimen,Maintenance-phase cycle 4 (8 weeks = 4 x 2-week cycles) and every 4th cycle thereafter,REMICADE (infliximab) Prescribing Information (Janssen Biotech); dosing reproduced at remicadehcp.com/crohns-disease/dosing-administration.html; cross-checked via drugs.com/dosage/remicade.html,https://www.remicadehcp.com/crohns-disease/dosing-administration.html,"Weight-based (mg/kg), same open item as IFX induction above: needs an assumed patient weight to convert to a dollar figure. Aliyev's own Costs Assumption #3 (data/raw/aliyev2019_appendixS1_table1_assumptions.csv) notes IFX monitoring/management occurs *during dosing visits* -- i.e. tied to this same q8w cadence, not a separate schedule."
ADA,Induction,160,mg,SC,,,TRUE,1,,,"Dose 1 of 2: 160 mg at week 0 (day 1; may be split into 4x40mg injections over 2 consecutive days, an administration detail, not a separate billable event)",One-time at induction (decision tree; analysis_plan.md §6.1); not a per-cycle Markov charge,HUMIRA (adalimumab) Prescribing Information (AbbVie); dosing reproduced at humirapro.com/crohns-disease; cross-checked via medicalnewstoday.com/articles/drugs-humira-dosage,https://www.humirapro.com/crohns-disease,"Fixed (NOT weight-based) dose -- unlike UST induction (weight-tiered) and IFX (mg/kg), ADA's induction and maintenance doses are flat regardless of patient weight. Unlike IFX, ADA's two induction doses are sequential and UNEQUAL (160mg then 80mg), not a repeated identical dose -- represented as two separate rows rather than one row with n_doses>1, so a future costing step can't accidentally multiply the wrong amount by 2. Exact multiple of the 40mg syringe/pen Aliyev et al. 2019 prices ADA against (data/raw/aliyev2019_appendixS1_table2_parameters.csv: ""FSS ADA Unit Cost (40 mg Syringe)"") -- 160mg = 4 pens, no waste, so (unlike IFX) no vial/pen-rounding concern for ADA at any dose."
ADA,Induction,80,mg,SC,,,TRUE,1,,,"Dose 2 of 2: 80 mg at week 2 (day 15)",One-time at induction (decision tree; analysis_plan.md §6.1) -- both induction doses fall inside the model's 8-week induction window; not a per-cycle Markov charge,HUMIRA (adalimumab) Prescribing Information (AbbVie); dosing reproduced at humirapro.com/crohns-disease; cross-checked via medicalnewstoday.com/articles/drugs-humira-dosage,https://www.humirapro.com/crohns-disease,"80mg = 2x the 40mg syringe/pen Aliyev prices ADA against -- exact, no waste. Sum with the 160mg week-0 dose above for ADA's total one-time induction drug cost (240mg total), not this row alone."
ADA,Maintenance,40,mg,SC,,,FALSE,,2,1,"First maintenance dose at week 4 (day 29), then 40 mg every OTHER WEEK (EOW) thereafter -- a different cadence from UST/IFX's every-8-weeks","Maintenance-phase cycle 2 (week 4 = 2 x 2-week cycles) and every cycle thereafter (EOW = every native 2-week cycle; interval=1 -- NOT every 4th cycle like UST/IFX q8w dosing)",HUMIRA (adalimumab) Prescribing Information (AbbVie); dosing reproduced at humirapro.com/crohns-disease; cross-checked via medicalnewstoday.com/articles/drugs-humira-dosage,https://www.humirapro.com/crohns-disease,"Fixed (not weight-based) maintenance dose, exact 1x the 40mg syringe/pen Aliyev prices ADA against -- not a coincidence, same pattern as UST's maintenance dose matching its own FSS unit exactly. IMPORTANT cadence difference from UST/IFX: ADA maintenance is every OTHER WEEK, i.e. every single native 2-week cycle (maintenance_interval_cycles_native_2wk=1), not every 4th cycle -- a costing step that reuses UST/IFX's cadence logic without checking this column would charge ADA doses 4x too rarely."
